"Id","Label"
"125943744","tosin723"
"16429861","clifsoulo"
"195438871","uzyone"
"88441571","safeworld4women"
"41077287","bankyw"
"212494307","alkayy"
"68257432","frankices"
"61831375","ruggedybaba"
"51816066","modernghanaweb"
"395199353","nosaassociates"
"150623003","makingcheddah"
"23377569","ogundamisi"
"71463789","ayoanimashaun"
"30950587","slimtmusic"
"383726233","eddybazzo"
"217046870","favstar_pop"
"55915207","9jaradical"
"23137747","gbengasesan"
"18378475","ebuka"
"18921341","dayhor"
"45224548","eldeethedon"
"23137747","gbengasesan"
"35187957","tundetokun"
"453912228","peaceprotests"
"80791048","forumeditor"
"36311121","echecrates"
"30950587","slimtmusic"
"135126837","rccgworldwide"
"73335212","elevated_mindz"
"85359736","opsy_afc"
"67684111","oforokeke"
"166224303","maji9ce"
"127948226","jesse_boxx"
"123545907","kwamiadadevoh"
"77998852","tosinadeda"
"31557157","ebukar"
"257546302","halimabubabakar"
"82349533","iamshenray"
"16396046","deoluakinyemi"
"79206101","paperboey"
"32660559","wizkidayo"
"223759518","loladesue"
"14215523","brusselmans"
"203017516","itsmz_sally"
"130826667","hugoverified"
"34288864","rosanwo"
"257276298","ev0_4president"
"794808","globalvoices"
"57145236","deehollar"
"9411482","cnnireport"
"79237207","tomkadelik"
"61831375","ruggedybaba"
"61831375","ruggedybaba"
"820694","blogdiva"
"27147244","iamjaybee"
"298317087","tessy_tohbadt"
"87011873","bambambisel"
"175757877","atomquietmoney"
"147119084","lanre_v"
"230119308","tkbills"
"47323938","eggheader"
"84303435","biolajay"
"18378475","ebuka"
"23584333","toluogunlesi"
"23137747","gbengasesan"
"34288864","rosanwo"
"73526492","sesquioxide"
"98714165","sehyeedaht"
"86685798","jigsawent"
"133761060","creamyma"
"49957446","heymode"
"45224548","eldeethedon"
"61831375","ruggedybaba"
"32660559","wizkidayo"
"366803468","adeadetunji"
"23981684","deejay3k"
"258720892","tytbonesceo"
"21303464","alykhansatchu"
"216313155","olawalekorede"
"452828182","amb_fatimam"
"77477257","gbemi_george"
"115683157","tomi_ola"
"101386279","lereboy"
"61831375","ruggedybaba"
"61831375","ruggedybaba"
"1658687670","shar_rone"
"23377569","ogundamisi"
"191284758","taynement"
"115628224","omojuwa"
"14939981","questlove"
"26815053","sweethalos"
"246526116","oxbourn"
"7","elvisfreshlee"
"63797517","lilbature"
"155537412","teetooraj"
"66816677","ykwildchild"
"9737202","emeka_okafor"
"158067063","ginafatale"
"328667119","anabagail"
"27528339","lindaikeji"
"217046870","favstar_pop"
"107908234","rexxuberfresh"
"135448028","jamesnduold"
"48677533","kparoskparos"
"30950587","slimtmusic"
"30950587","slimtmusic"
"177202984","sleekyvicky"
"115628224","omojuwa"
"51112806","segunmor"
"34288864","rosanwo"
"16448277","radiopalmwine"
"107254970","roteame"
"59085798","ifybase"
"61831375","ruggedybaba"
"191962314","bunnymitchie"
"177896897","mynamaz"
"63471715","tolu_b"
"138111432","delvve"
"74408066","slender8"
"60888330","baddessst"
"60366604","mofenzo"
"16402135","babsburton"
"6718782","blacklooks"
"193627940","willadebo"
"145327360","buttarkup"
"163881298","seentiya"
"820694","blogdiva"
"168392292","chudi03"
"135126837","rccgworldwide"
"11840692","donsege"
"85359736","opsy_afc"
"34288864","rosanwo"
"77788610","killingpython"
"243882931","udensoncaldbeck"
"279636061","oluizi"
"118027745","chinelonma"
"188485046","shadey_jewel"
"92290073","textjames"
"206116022","kwamztohbad"
"6273552","mchammer"
"101386279","lereboy"
"81451639","hollalaykan"
"108505438","rhm1947"
"34288864","rosanwo"
"72391662","dorothy_wayne"
"18094952","seyitaylor"
"219955152","greggihenyen"
"115628224","omojuwa"
"61831375","ruggedybaba"
"264629285","prestigebaba"
"115628224","omojuwa"
"49553725","je_mc2"
"65768612","tobystic"
"40081103","evaalordiah"
"18432855","btnafas7oria"
"154851680","shnkss"
"32660559","wizkidayo"
"207873178","mickyymyke"
"125346858","channels_tv"
"133878699","gboyeakinz"
"57768997","rlushy"
"58766084","shizzlemanizzl"
"176761392","lemo93"
"254832595","net_anon"
"23137747","gbengasesan"
"820694","blogdiva"
"19610196","projektcancer"
"23377569","ogundamisi"
"23377569","ogundamisi"
"115628224","omojuwa"
"100721448","tallolisa"
"460237063","arinzekanene"
"55896553","mosaaberizing"
"30950587","slimtmusic"
"212247186","zxahra"
"52471224","osarpong"
"33516194","nemeze"
"182411325","tahreey"
"167779628","its_senator"
"52797863","azubona"
"39246632","jideaboderin"
"34288864","rosanwo"
"32660559","wizkidayo"
"128078043","kingphyky"
"16448939","dirtyhiphophead"
"217046870","favstar_pop"
"65727859","d3ola"
"76372234","wizardoflagoz"
"79286360","daddyfaddy_"
"243100541","fs_houstontx"
"172683434","itsaduke"
"30950587","slimtmusic"
"151963462","stayhigh2087"
"30950587","slimtmusic"
"397195497","mrs_carzola"
"211676047","kshalilu"
"48621354","feyikemmie"
"31804412","adejuwon"
"440478569","anon0psnigeria"
"133761060","creamyma"
"23137747","gbengasesan"
"100526675","valnyla"
"23123804","chykay"
"364807195","zandee3"
"38848610","estherclimate"
"45224548","eldeethedon"
"88441571","safeworld4women"
"23137747","gbengasesan"
"41077287","bankyw"
"304312040","tafatruth_show"
"18610936","bunbtrillog"
"14911067","sheriphskills"
"92833573","seunfakze"
"151426651","deeeeelicious"
"70588567","disgeneration"
"386187924","topnaijaevents"
"38276936","fweshee"
"46676310","tommyjyde"
"53379253","goldmisation"
"108740292","cnnmex"
"235421014","bononline2011"
"82446392","somie_c"
"22775900","ronkelawal"
"115628224","omojuwa"
"45224548","eldeethedon"
"61378616","thefoxhimself"
"50311338","zeem_o"
"194936024","m3tafour"
"25868966","chakams"
"146634585","nonnie_medlin"
"222471144","exiledsurfer"
"81333681","acedream"
"184583680","fraizerdee"
"19468168","drgoddess"
"47323938","eggheader"
"234924124","ajala_alaja_nla"
"458604280","dandooki"
"53079119","_odutola"
"21870087","deejaygfunk"
"88645112","olucheye"
"84680033","xeenarh"
"23584333","toluogunlesi"
"101476381","msnemah"
"152582860","aywizzie"
"16429861","clifsoulo"
"30950587","slimtmusic"
"30950587","slimtmusic"
"30950587","slimtmusic"
"30950587","slimtmusic"
"21208377","mrsleevesup"
"61831375","ruggedybaba"
"177961690","nana_diamonds"
"23137747","gbengasesan"
"43757214","folacke"
"85032957","ykfresh"
"61831375","ruggedybaba"
"115628224","omojuwa"
"240295983","bimbobass"
"68650577","yolnizzle"
"47323938","eggheader"
"23377569","ogundamisi"
"20577920","iceprincezamani"
"197180432","blaise9ja"
"84825305","thehorny_of_ife"
"33425765","yveu"
"188539577","asa_official"
"80791048","forumeditor"
"299013563","bbavideoz"
"175757877","atomquietmoney"
"181989356","crazeclown"
"97436688","illwillbeats"
"51666386","tundekakaaki"
"31808336","endi2g"
"52702687","otoide_a_"
"16959340","antitheistangie"
"42288041","chieducc"
"80895799","seuncr8vwox"
"19468168","drgoddess"
"34672963","sirkayoto"
"141887287","aanghova"
"217046870","favstar_pop"
"13451922","justamira"
"37294695","fehintolu"
"68394977","owhreoluwa"
"109509310","don_kazzy"
"171820892","dapoadelanwa_01"
"91205401","enialu"
"34288864","rosanwo"
"4970411","ajenglish"
"159849348","griverorz"
"389672180","miss_dayday"
"39219600","abiodunaopara"
"149294948","gennievieve"
"142997487","9ja_schoolboi"
"34288864","rosanwo"
"186462716","jumurke"
"169510961","fels77"
"36609592","maynezee"
"61831375","ruggedybaba"
"122906950","busy_brain"
"22059388","elrufai"
"37447098","isiomaosaje"
"23584333","toluogunlesi"
"820694","blogdiva"
"69271273","daily_trust"
"124441723","adexcharo"
"155537412","teetooraj"
"61831375","ruggedybaba"
"81556449","ferari90"
"49780532","iamzdon"
"188435132","spikedspartan"
"23377569","ogundamisi"
"62823056","aijayy"
"92253055","pinky_kokolet"
"47323938","eggheader"
"23584333","toluogunlesi"
"217046870","favstar_pop"
"115628224","omojuwa"
"181974921","tgrems"
"15460027","fahadaliyu"
"217046870","favstar_pop"
"108740292","cnnmex"
"34288864","rosanwo"
"61831375","ruggedybaba"
"115628224","omojuwa"
"158697729","qweezard"
"29854019","ayittey"
"80836823","gtdaguitarman"
"30950587","slimtmusic"
"424755665","lydiavalch"
"264151199","its_osuofia"
"61831375","ruggedybaba"
"79449809","abangmercy"
"16632084","cartacapital"
"45224548","eldeethedon"
"17680235","mokhathi"
"40081103","evaalordiah"
"61831375","ruggedybaba"
"25868966","chakams"
"27407057","akinwalexy"
"213873396","damitalkcity"
"128690548","afrolisushekiba"
"57488375","awocelsius"
"60856518","nigeriafilms"
"117173523","justlikethat59"
"61831375","ruggedybaba"
"83121715","damiekay"
"63115813","mcnun"
"23584333","toluogunlesi"
"95328098","callmehighc"
"81451639","hollalaykan"
"15871868","bigbrovar"
"34288864","rosanwo"
"68129457","udedibia"
"61831375","ruggedybaba"
"28550683","bizzjonez"
"96955140","dj_fleau"
"80895799","seuncr8vwox"
"173580066","toronto_rt"
"154632849","tyaliciia"
"115628224","omojuwa"
"92833573","seunfakze"
"622045531","nigerianblogger"
"59710915","tityboi"
"58441398","talk2dele"
"60366604","mofenzo"
"101915739","yemioyetade"
"77788610","killingpython"
"175129274","tayomouthed"
"16542558","staffordmasie"
"45224548","eldeethedon"
"26936803","tegajudy"
"820694","blogdiva"
"45224548","eldeethedon"
"19468168","drgoddess"
"24291371","mobilepunch"
"61831375","ruggedybaba"
"30950587","slimtmusic"
"56954734","segunjones"
"30950587","slimtmusic"
"35864523","kamizee"
"47323938","eggheader"
"70495599","olammide"
"380592102","t_bakare"
"51570812","som1twisted"
"84114263","azubbie"
"81132060","lannifresh"
"45224548","eldeethedon"
"313196626","nollywood_buzz"
"45224548","eldeethedon"
"78900930","dudu_duttie"
"53","brocovs"
"194613956","nitrojide"
"104296908","bashirahmaad"
"153803844","fisayooludare"
"88645112","olucheye"
"223901025","ovigeezy"
"217046870","favstar_pop"
"185218985","romeabout"
"31557157","ebukar"
"78459886","olayinka321"
"1140451","antderosa"
"84793489","folabipojo"
"220675610","ubinsbaba"
"45224548","eldeethedon"
"33721354","tittywang"
"174445372","djcrosscross"
"129004407","kel3000"
"51558305","trunedu"
"69725772","voracious_tish"
"18378475","ebuka"
"234924124","ajala_alaja_nla"
"65111900","gabrielleokoye"
"227996244","sogonathan"
"48967953","_saadatu"
"15946795","exschoolnerd"
"188435132","spikedspartan"
"61831375","ruggedybaba"
"113350470","silviaclassique"
"155537412","teetooraj"
"40217096","mucer4u"
"114997892","doraayobami"
"18239816","lawwyy"
"32660559","wizkidayo"
"217046870","favstar_pop"
"47323938","eggheader"
"74416810","titireju"
"34288864","rosanwo"
"60921898","kneeyie"
"114997892","doraayobami"
"25100611","chidiajuzie"
"34288864","rosanwo"
"15946795","exschoolnerd"
"45224548","eldeethedon"
"119714092","storyful"
"61831375","ruggedybaba"
"21870087","deejaygfunk"
"106349625","don_dinozzo"
"23377569","ogundamisi"
"65727859","d3ola"
"176218085","gboukzi"
"157988402","moneybaron"
"222556547","makus12"
"51816066","modernghanaweb"
"52722194","shadeyb"
"34288864","rosanwo"
"138181620","ms_frisky"
"16269666","bossip"
"33457510","tipceee"
"177961690","nana_diamonds"
"207525131","acoustic_geri"
"188670717","tolaonii"
"109153368","ofureighalo"
"167109785","tobydeeloc"
"243100541","fs_houstontx"
"44881128","ebuoe"
"115628224","omojuwa"
"32660559","wizkidayo"
"73361475","bolufisher"
"19468168","drgoddess"
"235096285","skilful_laykon"
"115628224","omojuwa"
"110823690","laylow_1"
"161707908","brownnzugar"
"19610196","projektcancer"
"222534214","amarachimex"
"217046870","favstar_pop"
"30950587","slimtmusic"
"165129558","liashel"
"217046870","favstar_pop"
"144607507","valeriekester"
"189838969","deen_wolverine"
"31808336","endi2g"
"166950750","nnemaniac"
"32541290","mideoy"
"373978904","premiumtimesng"
"215776429","tosynadetola"
"33960482","clancycnn"
"14752085","allisonkilkenny"
"46758019","africarevolt"
"23377569","ogundamisi"
"52833129","thebeat999fm"
"25787446","mrflygerian"
"237214535","milez411"
"223901025","ovigeezy"
"115628224","omojuwa"
"75781527","mcgeezie"
"76572580","lushegun"
"91542918","habeebbams"
"88645112","olucheye"
"65727859","d3ola"
"84825305","thehorny_of_ife"
"230542479","gongon01"
"30950587","slimtmusic"
"34288864","rosanwo"
"164585495","okshorty1"
"256718197","tben10"
"195828613","helltridax"
"80791048","forumeditor"
"18921341","dayhor"
"80836823","gtdaguitarman"
"79227712","dj_daruga"
"622045531","nigerianblogger"
"34288864","rosanwo"
"42202751","wumie"
"22059388","elrufai"
"820694","blogdiva"
"30950587","slimtmusic"
"122060640","bawsladie"
"393248678","defhrules"
"157598163","ballerge"
"34288864","rosanwo"
"135448028","jamesnduold"
"47323938","eggheader"
"6273552","mchammer"
"29667224","cautionent"
"67465811","uchejombo"
"32163797","adatiqwala"
"172302796","tobismyth"
"52222710","_umbrage"
"36648798","rakinboye"
"57768997","rlushy"
"77788610","killingpython"
"79206101","paperboey"
"57641060","heykins"
"32359929","akanoid"
"113350470","silviaclassique"
"17141637","adesojiadegbulu"
"244057413","jumokejojo"
"61831375","ruggedybaba"
"217046870","favstar_pop"
"217046870","favstar_pop"
"38673394","nastiq"
"149479775","crtvonline"
"34914417","billuko"
"169548153","oxygenebar"
"135063776","ndee7"
"151451475","kid0nthem00n"
"23584333","toluogunlesi"
"204481211","nairaland"
"217046870","favstar_pop"
"820694","blogdiva"
"61831375","ruggedybaba"
"189838969","deen_wolverine"
"84680033","xeenarh"
"92833573","seunfakze"
"55528721","tobidosh"
"34288864","rosanwo"
"47323938","eggheader"
"115683157","tomi_ola"
"125818381","krimmedic"
"70588567","disgeneration"
"16995728","pdbraide"
"34288864","rosanwo"
"67923944","jesichun"
"125578075","nature_gurl"
"209864871","mss_ummii"
"217046870","favstar_pop"
"178056306","miz_yoyade"
"58460369","ateanucare"
"41077287","bankyw"
"454047437","ocupynigeria"
"217046870","favstar_pop"
"176498315","mayorboss"
"151226041","tolarboss"
"160169779","gbosquared"
"25516431","richionwurah"
"115628224","omojuwa"
"84680033","xeenarh"
"46246292","amebor"
"23137747","gbengasesan"
"146767385","libra_king"
"61831375","ruggedybaba"
"276397185","lotmanwill"
"141374012","wemzhassan"
"30950587","slimtmusic"
"30950587","slimtmusic"
"25868966","chakams"
"9411482","cnnireport"
"61831375","ruggedybaba"
"52222710","_umbrage"
"101326687","girlish_lava"
"270592853","isolatearafada"
"228374107","marmyla"
"61831375","ruggedybaba"
"96824761","byoladebajo"
"14911067","sheriphskills"
"98458438","svelted"
"148712147","yawazobiafm"
"65084495","obi_stain2"
"37622712","odeshinabola"
"30950587","slimtmusic"
"42081157","cutiefille007"
"106349625","don_dinozzo"
"53935460","shallyflaky"
"160491337","yanjugeorge"
"10092762","dfasoro"
"91292467","babywhite1"
"78902447","ice_princess20"
"80791048","forumeditor"
"79144821","slimmariam"
"100081485","walegates"
"194936024","m3tafour"
"217046870","favstar_pop"
"373978904","premiumtimesng"
"128022083","eienigeria"
"68357302","imancub"
"29979814","monaeltahawy"
"25719306","rotiwa"
"116763916","jeffdsachs"
"14738191","verastic"
"23584333","toluogunlesi"
"622045531","nigerianblogger"
"33960482","clancycnn"
"278807387","press_play_"
"45224548","eldeethedon"
"164080757","t_raine"
"63845653","mocheddah"
"369757776","engranayo"
"180495712","hitmankunlecole"
"221540134","walebajo"
"217046870","favstar_pop"
"46757455","tonipayne"
"70636064","opaitbaba"
"118027745","chinelonma"
"622045531","nigerianblogger"
"122906950","busy_brain"
"229130023","bossikeh"
"74156375","okanid3rd"
"106078139","thorpsyhenry"
"41077287","bankyw"
"191500854","just_hoch"
"30950587","slimtmusic"
"131066462","dejidara"
"182098962","nuhmberry"
"48973015","fozadoza"
"34288864","rosanwo"
"9103722","bilalr"
"61831375","ruggedybaba"
"26786407","damuchi"
"77477257","gbemi_george"
"30950587","slimtmusic"
"16429861","clifsoulo"
"91770586","djzeez"
"114833676","missbukoko"
"217046870","favstar_pop"
"176218085","gboukzi"
"194908729","odbye"
"61831375","ruggedybaba"
"48829013","doldc"
"22059388","elrufai"
"78900930","dudu_duttie"
"138314849","iamroymorah"
"229949753","towbhi"
"46757455","tonipayne"
"67465811","uchejombo"
"63165329","momo_kisses"
"30950587","slimtmusic"
"24677405","derpney"
"154972156","ms_beebeez"
"30950587","slimtmusic"
"152582860","aywizzie"
"30950587","slimtmusic"
"82186794","princelabib"
"9576102","3arabawy"
"820694","blogdiva"
"188539577","asa_official"
"34288864","rosanwo"
"44850068","odykan"
"36648798","rakinboye"
"225734827","trizzyrozzay"
"150957150","jatutu022"
"169095851","olajumokegiwa"
"221636372","hebracadabra"
"126914522","glitterrz"
"65727859","d3ola"
"23377569","ogundamisi"
"34288864","rosanwo"
"34288864","rosanwo"
"373978904","premiumtimesng"
"65727859","d3ola"
"73502937","deoti"
"81977071","wphillbilly"
"133227022","iamramat"
"67465811","uchejombo"
"250383487","naijareview"
"23584333","toluogunlesi"
"39546343","rotexonline"
"41077287","bankyw"
"158666428","berrysparks"
"40081103","evaalordiah"
"276120124","stanleyazuakola"
"36889473","simplylulucious"
"165503134","arechoh"
"268685274","stinggleanu"
"270592853","isolatearafada"
"80791048","forumeditor"
"128022083","eienigeria"
"116406743","nubiandiva12"
"115628224","omojuwa"
"24001818","gidilounge"
"140340543","banjo_sugarcane"
"45224548","eldeethedon"
"270592853","isolatearafada"
"217046870","favstar_pop"
"93007856","bee_gang"
"6273552","mchammer"
"149479775","crtvonline"
"155325791","africannewsbot"
"217046870","favstar_pop"
"126773950","jojoophina"
"217046870","favstar_pop"
"57468644","4eyedmonk"
"71285905","ihatelols"
"61831375","ruggedybaba"
"32660559","wizkidayo"
"92301008","miss_kuburat"
"23137747","gbengasesan"
"52797863","azubona"
"201482291","aboutlagos"
"820694","blogdiva"
"123877665","destan01"
"69669211","zhanenubian"
"33213635","segunake"
"164585495","okshorty1"
"131646910","ayshahkt"
"97625510","miskoom"
"24001818","gidilounge"
"78706250","ozizy"
"46379828","missashior"
"157047622","phantombeta"
"1658687670","shar_rone"
"227604907","telegraphng"
"151519440","celebrityceo"
"18511475","talibkweli"
"33960482","clancycnn"
"16903330","ogala"
"42247024","wepluggoodmusic"
"622045531","nigerianblogger"
"57468644","4eyedmonk"
"61831375","ruggedybaba"
"211422004","nelsonbadguy"
"157260477","mryousuph"
"100252929","__n5uaha"
"29979814","monaeltahawy"
"244423693","atweetforallah"
"217046870","favstar_pop"
"61831375","ruggedybaba"
"18239816","lawwyy"
"237679195","amebortalk"
"27818124","yayayarndiva"
"271791007","lulusgirl888"
"61831375","ruggedybaba"
"217046870","favstar_pop"
"105905066","savenigeria"
"78459886","olayinka321"
"220675610","ubinsbaba"
"77276572","essdonli"
"115628224","omojuwa"
"33425765","yveu"
"131966904","sweet1pums"
"16504257","nnedi"
"123877665","destan01"
"39546681","ignitopedia"
"45224548","eldeethedon"
"46613081","soti_p"
"36609592","maynezee"
"424032939","occupierinfo"
"82494158","bawsegaga"
"217046870","favstar_pop"
"61831375","ruggedybaba"
"138962868","oredols"
"45224548","eldeethedon"
"80791048","forumeditor"
"11252962","ashong"
"58693","carolina"
"168881288","nairapark"
"90666433","ayotwice"
"90666433","ayotwice"
"115628224","omojuwa"
"217046870","favstar_pop"
"61831375","ruggedybaba"
"46676310","tommyjyde"
"162040523","gal_missy"
"61015623","honeydjoko"
"622045531","nigerianblogger"
"41213511","faithcnn"
"61831375","ruggedybaba"
"40716197","lumidizzle"
"289420613","naomirwolf"
"112661511","tysalihu"
"23137747","gbengasesan"
"23137747","gbengasesan"
"45224548","eldeethedon"
"34605093","scratchbrovaman"
"236891946","ajstream"
"79179999","hacemayne"
"28968750","cpafrica"
"81132060","lannifresh"
"61831375","ruggedybaba"
"115628224","omojuwa"
"35747467","iammosesfabiyi"
"29854019","ayittey"
"48677533","kparoskparos"
"108740292","cnnmex"
"59503113","marklittlenews"
"338680315","uwani11"
"45224548","eldeethedon"
"61831375","ruggedybaba"
"115628224","omojuwa"
"129569778","itsyoungpizzy"
"57930170","tomerons"
"61831375","ruggedybaba"
"34288864","rosanwo"
"22059388","elrufai"
"82349533","iamshenray"
"51666386","tundekakaaki"
"205467530","gsalaja"
"245358387","opemson"
"40716197","lumidizzle"
"820694","blogdiva"
"160525840","owy_xy"
"201775493","quddus_007"
"60856518","nigeriafilms"
"55577810","jongambrellap"
"221740705","blaqoqain"
"50246444","mi_abaga"
"67888012","realomosexy"
"28550683","bizzjonez"
"115628224","omojuwa"
"207873178","mickyymyke"
"454230660","casperbaba"
"48297408","maya_andy"
"59503113","marklittlenews"
"56696460","oluwaddee"
"79447042","da_policia"
"143158337","toki81281"
"217046870","favstar_pop"
"23584333","toluogunlesi"
"65727859","d3ola"
"129892090","feyiogundipe"
"30950587","slimtmusic"
"16624525","mar3e"
"219561659","mzrolands"
"61831375","ruggedybaba"
"115628224","omojuwa"
"125346858","channels_tv"
"61831375","ruggedybaba"
"47323938","eggheader"
"136945273","halibabes86"
"50656855","soundmigration"
"140293931","sucreciouz"
"112681498","bob_alash"
"53025867","adekunle4"
"203982871","iamflipdee"
"15946795","exschoolnerd"
"34288864","rosanwo"
"51089696","femianthony"
"74416810","titireju"
"34288864","rosanwo"
"102376418","kokoletteray"
"23137747","gbengasesan"
"82494158","bawsegaga"
"158664000","lagoshunter"
"270592853","isolatearafada"
"217046870","favstar_pop"
"45224548","eldeethedon"
"1658687670","shar_rone"
"79449809","abangmercy"
"229719189","deveed1"
"55528721","tobidosh"
"79795940","perrycurtis"
"30950587","slimtmusic"
"217046870","favstar_pop"
"94436181","fabuloussbee"
"129762570","zoebeliever"
"111521604","omotolafunmi"
"46757455","tonipayne"
"55886124","sheriffblaque"
"41080642","raggaremi"
"217046870","favstar_pop"
"18424289","ajelive"
"268418296","photizorulez"
"6273552","mchammer"
"33457510","tipceee"
"84680033","xeenarh"
"48626061","shawlergq"
"820694","blogdiva"
"295006577","ifebamidele"
"16589206","wikileaks"
"37951988","anonymiss8"
"61831375","ruggedybaba"
"217046870","favstar_pop"
"52797863","azubona"
"116763916","jeffdsachs"
"217046870","favstar_pop"
"16504257","nnedi"
"62823056","aijayy"
"23584333","toluogunlesi"
"52222710","_umbrage"
"243834483","revnunnwisdom"
"67465811","uchejombo"
"76938419","shollyk"
"42295538","ohdeebee"
"79133441","logormarley"
"48677533","kparoskparos"
"154123844","ripfaceboook"
"75043920","chico_lex"
"41077287","bankyw"
"14738191","verastic"
"55915207","9jaradical"
"23137747","gbengasesan"
"61831375","ruggedybaba"
"15946795","exschoolnerd"
"114588976","joswank"
"129892090","feyiogundipe"
"217046870","favstar_pop"
"81327782","playetta"
"84114263","azubbie"
"24291371","mobilepunch"
"115683157","tomi_ola"
"17902256","olajidebello"
"147484369","adnanpoppop"
"377842578","komizle"
"165175474","sexxymoo"
"23377569","ogundamisi"
"196555389","zayhus07"
"22086481","tinietempah"
"622045531","nigerianblogger"
"51701223","megajayvox"
"34288864","rosanwo"
"217046870","favstar_pop"
"38445028","jadeoyatz"
"412630373","gkromgh"
"61831375","ruggedybaba"
"148100324","raider_dowe"
"50246444","mi_abaga"
"52222710","_umbrage"
"65727859","d3ola"
"217046870","favstar_pop"
"155489093","karen_blings"
"125469208","changerights"
"26815193","adacampbell"
"92833573","seunfakze"
"217046870","favstar_pop"
"35164317","mos_hygh"
"29596838","nkemrocky1"
"61378616","thefoxhimself"
"61831375","ruggedybaba"
"115628224","omojuwa"
"61831375","ruggedybaba"
"48677533","kparoskparos"
"22843279","blve"
"73209707","omon_"
"61831375","ruggedybaba"
"219955152","greggihenyen"
"61831375","ruggedybaba"
"17345500","purefoyamebo"
"121866524","deolasmalls"
"229","twaicee01"
"151157552","uncle_lanremax"
"33960482","clancycnn"
"83382572","0lukayode"
"188539577","asa_official"
"102422178","thesanmi"
"277511885","drealskit"
"58758905","maytrickz"
"161260155","sevon_dejana"
"188539577","asa_official"
"259467352","eimasuen"
"115683157","tomi_ola"
"52865265","ispeakmaimind"
"56045805","mauleecho"
"34288864","rosanwo"
"41823841","iamlixrocs"
"23377569","ogundamisi"
"18921341","dayhor"
"189567335","sleekybarby"
"115628224","omojuwa"
"27829672","pastorpoju"
"65727859","d3ola"
"104990168","deehumorous"
"392928651","hershey_addict1"
"61831375","ruggedybaba"
"169106814","quintdee"
"622045531","nigerianblogger"
"75324452","seunajayi18"
"46409003","idlove48"
"145387065","folslims"
"163526029","b0laji"
"81451639","hollalaykan"
"59896854","kuluwaz"
"6273552","mchammer"
"158664000","lagoshunter"
"81132060","lannifresh"
"45224548","eldeethedon"
"169548153","oxygenebar"
"177202984","sleekyvicky"
"30950587","slimtmusic"
"45224548","eldeethedon"
"45224548","eldeethedon"
"199577044","queen_of_deen"
"73526492","sesquioxide"
"23377569","ogundamisi"
"25868966","chakams"
"46757455","tonipayne"
"219447640","richaluma"
"65937237","eyo_omat"
"27238491","segundemuren"
"30950587","slimtmusic"
"115628224","omojuwa"
"34288864","rosanwo"
"31804412","adejuwon"
"258720892","tytbonesceo"
"45224548","eldeethedon"
"684743","stonemirror"
"820694","blogdiva"
"35191622","demilader"
"46751097","iam_t_feli_feli"
"61831375","ruggedybaba"
"67208397","culturalhistory"
"203676335","operationleaks"
"426277947","mediawrench"
"45224548","eldeethedon"
"81451639","hollalaykan"
"21303464","alykhansatchu"
"67465811","uchejombo"
"61831375","ruggedybaba"
"42247024","wepluggoodmusic"
"92833573","seunfakze"
"101476381","msnemah"
"86347408","lanregirl"
"128022083","eienigeria"
"61831375","ruggedybaba"
"158140991","taontee"
"61831375","ruggedybaba"
"183528964","wizkitty"
"136369994","psmmith"
"99851748","ibrahimado"
"16149307","mexim"
"264151199","its_osuofia"
"6273552","mchammer"
"30950587","slimtmusic"
"45224548","eldeethedon"
"14619572","ged"
"97319253","topeesther"
"18094952","seyitaylor"
"86939831","la2nde"
"164819069","deolaadesanya"
"217046870","favstar_pop"
"61831375","ruggedybaba"
"92833573","seunfakze"
"22059388","elrufai"
"59109361","johnero"
"112681498","bob_alash"
"103400049","batarhe"
"50604336","gbenga84"
"50656855","soundmigration"
"45388494","dapichi"
"65727859","d3ola"
"263818354","donchia"
"164477807","splashmusik"
"80791048","forumeditor"
"217046870","favstar_pop"
"49957446","heymode"
"53935460","shallyflaky"
"9411482","cnnireport"
"18511475","talibkweli"
"219344992","achumzee"
"253018110","emmysteve89"
"4970411","ajenglish"
"34288864","rosanwo"
"18239816","lawwyy"
"51666386","tundekakaaki"
"194936024","m3tafour"
"34288864","rosanwo"
"70495599","olammide"
"79449809","abangmercy"
"191668656","jikason"
"88645112","olucheye"
"147119084","lanre_v"
"175877087","kingchekwus"
"61831375","ruggedybaba"
"121177164","shongii"
"151226041","tolarboss"
"112661511","tysalihu"
"38727876","ebong1"
"34288864","rosanwo"
"63797517","lilbature"
"25715625","tuvie"
"378524501","profsoyinka"
"40217096","mucer4u"
"105905066","savenigeria"
"61831375","ruggedybaba"
"135448028","jamesnduold"
"84692730","sir_kenayo"
"45224548","eldeethedon"
"82238763","oluseyimcfunny"
"11680312","kenyanpundit"
"37447098","isiomaosaje"
"41373123","ruudycruise"
"48621354","feyikemmie"
"61831375","ruggedybaba"
"293930992","giwahabeeb"
"44880158","geneginger"
"217046870","favstar_pop"
"378524501","profsoyinka"
"88187439","deejayflasha"
"14619572","ged"
"204257442","ceamug2"
"45224548","eldeethedon"
"14738191","verastic"
"47323938","eggheader"
"152777178","teehatty"
"152582860","aywizzie"
"17833643","abdul_kaque"
"16517337","jeremyweate"
"155537412","teetooraj"
"88441571","safeworld4women"
"69725772","voracious_tish"
"15460027","fahadaliyu"
"154632849","tyaliciia"
"180525425","teema_smalls"
"79227712","dj_daruga"
"84680033","xeenarh"
"158664000","lagoshunter"
"268","ytepurple"
"15946795","exschoolnerd"
"182812952","9jahiphopmusic"
"23377569","ogundamisi"
"34288864","rosanwo"
"128022083","eienigeria"
"61831375","ruggedybaba"
"143720803","ololobi"
"24291371","mobilepunch"
"86750811","hawwtie"
"75405246","itsginobaby"
"40663132","eyi_t1"
"72905639","loladesowoolu"
"62055351","khimmypossible"
"61831375","ruggedybaba"
"4970411","ajenglish"
"135448028","jamesnduold"
"264151199","its_osuofia"
"58795154","xplizitsouljah"
"74224191","tokietee"
"15819466","bellanaija"
"24970783","infamousdjk"
"67888012","realomosexy"
"61831375","ruggedybaba"
"90945898","lolutheartist"
"63797517","lilbature"
"80912879","sj_siji"
"452828182","amb_fatimam"
"45224548","eldeethedon"
"144634771","bamskeke"
"176200451","lanskyleone"
"61831375","ruggedybaba"
"14927297","adbusters"
"61187650","hakeemhal"
"194936024","m3tafour"
"289328430","timeyinpi"
"36889473","simplylulucious"
"140378119","iamaso"
"18378475","ebuka"
"176218085","gboukzi"
"34288864","rosanwo"
"32660559","wizkidayo"
"228786770","ms_xouxu"
"36586787","tosynbucknor"
"188435132","spikedspartan"
"84407698","jogbons"
"23377569","ogundamisi"
"21854392","b2datj"
"47323938","eggheader"
"30950587","slimtmusic"
"61831375","ruggedybaba"
"230524972","mjtobad"
"175757877","atomquietmoney"
"57468644","4eyedmonk"
"23584333","toluogunlesi"
"217046870","favstar_pop"
"217046870","favstar_pop"
"217046870","favstar_pop"
"24861904","playm8z"
"115628224","omojuwa"
"194939201","lamide_"
"222534214","amarachimex"
"81451639","hollalaykan"
"56954734","segunjones"
"217046870","favstar_pop"
"23377569","ogundamisi"
"23584333","toluogunlesi"
"15460027","fahadaliyu"
"23377569","ogundamisi"
"189567335","sleekybarby"
"61831375","ruggedybaba"
"61831375","ruggedybaba"
"217046870","favstar_pop"
"32660559","wizkidayo"
"29841654","chidimokeme"
"78900930","dudu_duttie"
"25806301","arctone"
"61831375","ruggedybaba"
"103890274","iambigbrains"
"173796066","chubbclef"
"61841952","giddiminatish"
"41077287","bankyw"
"23137747","gbengasesan"
"82896390","omonblanks"
"76836855","streetbangtv"
"29291858","damouche01"
"142997487","9ja_schoolboi"
"383403809","naijafollowers"
"58222479","hazelavelie"
"93171127","ero9ja"
"61831375","ruggedybaba"
"41077287","bankyw"
"155943058","kayjayevent"
"77476501","ayansoladare"
"158664000","lagoshunter"
"79449809","abangmercy"
"31557157","ebukar"
"50258275","ik_osakioduwa"
"1658687670","shar_rone"
"77477257","gbemi_george"
"18378475","ebuka"
"6273552","mchammer"
"34288864","rosanwo"
"322117748","vast_bracket"
"59077782","cisumpar"
"113350470","silviaclassique"
"116427791","jermainejosh"
"175794334","iamsamayo"
"280301523","solomonenilolob"
"36609592","maynezee"
"48203064","captdemuren"
"80791048","forumeditor"
"123432292","aida_verdi"
"820694","blogdiva"
"87736020","exothermic_kv"
"34288864","rosanwo"
"61831375","ruggedybaba"
"22059388","elrufai"
"34288864","rosanwo"
"138188673","baybbootz"
"44880158","geneginger"
"220675610","ubinsbaba"
"217046870","favstar_pop"
"98386397","luvnosa"
"85359736","opsy_afc"
"229951631","pastorfemipaul"
"80005351","efizeey"
"67888012","realomosexy"
"78370954","fabsec"
"61831375","ruggedybaba"
"264151199","its_osuofia"
"244057413","jumokejojo"
"105905066","savenigeria"
"114997892","doraayobami"
"206116022","kwamztohbad"
"169095851","olajumokegiwa"
"820694","blogdiva"
"74416810","titireju"
"386019272","anon_nigeria"
"16402135","babsburton"
"61831375","ruggedybaba"
"138111432","delvve"
"253018110","emmysteve89"
"320214992","humbaaba86"
"206082656","vslim4real"
"61378616","thefoxhimself"
"23584333","toluogunlesi"
"217046870","favstar_pop"
"252297843","03300"
"27701905","mdemuren"
"103075556","theolugirl"
"221320426","herroyalgaganes"
"49055532","bonzdude"
"217046870","favstar_pop"
"61831375","ruggedybaba"
"42660319","mrbaid3n"
"65915225","teflonnas"
"65727859","d3ola"
"115628224","omojuwa"
"24291371","mobilepunch"
"23584333","toluogunlesi"
"59710915","tityboi"
"237679195","amebortalk"
"171924481","amintin"
"282413659","lilma_mi"
"57264042","mistabiee"
"820694","blogdiva"
"71875586","kechilauren"
"80791048","forumeditor"
"290043120","akinlanihun"
"216331785","trafficbutter"
"115628224","omojuwa"
"125578075","nature_gurl"
"188435132","spikedspartan"
"235107338","kennieoni"
"155211269","cuteoyin"
"99851748","ibrahimado"
"188539577","asa_official"
"43306623","kunmila"
"60856518","nigeriafilms"
"20231056","follykrypton"
"69131241","leo_pard3333"
"106190555","iamdejinero"
"236891946","ajstream"
"101326687","girlish_lava"
"23584333","toluogunlesi"
"30950587","slimtmusic"
"210524152","t_otedola"
"39975533","vanguardngrnews"
"110013216","popedahitman"
"25715625","tuvie"
"46952430","chyka457"
"47323938","eggheader"
"622045531","nigerianblogger"
"23584333","toluogunlesi"
"135820971","tizziefbaby"
"138314849","iamroymorah"
"84870256","playee77"
"23584333","toluogunlesi"
"217046870","favstar_pop"
"67888012","realomosexy"
"217046870","favstar_pop"
"37447098","isiomaosaje"
"175129274","tayomouthed"
"151226041","tolarboss"
"167317608","demiedee"
"270592853","isolatearafada"
"15344688","sturvs"
"177202984","sleekyvicky"
"48677533","kparoskparos"
"360141838","el9th"
"34288864","rosanwo"
"60088546","princerane"
"63748096","ibrahimlawal"
"61831375","ruggedybaba"
"43581952","olubela"
"319651126","sirgibsontosin"
"179258225","jasmynshleek"
"56523695","the_olu"
"452828182","amb_fatimam"
"40081103","evaalordiah"
"1140451","antderosa"
"217046870","favstar_pop"
"46757455","tonipayne"
"325530386","fkyinks"
"137181942","obierus"
"140889339","oamanchukwu"
"239422039","eltriola"
"187819477","ebironke"
"54535270","sageblack"
"158767551","ms_m_monroe"
"41471233","reclvse"
"21147327","faaridah"
"23584333","toluogunlesi"
"32660559","wizkidayo"
"820694","blogdiva"
"23137747","gbengasesan"
"17576761","delola"
"33330809","danleety"
"54689047","wandealimi"
"69271273","daily_trust"
"60753629","alphabruv"
"217046870","favstar_pop"
"61831375","ruggedybaba"
"46757455","tonipayne"
"168190737","damyshow"
"129892090","feyiogundipe"
"74129314","msskaren"
"51816066","modernghanaweb"
"61831375","ruggedybaba"
"60436215","prettyeny1"
"61730518","jyde11"
"15946795","exschoolnerd"
"200817178","lori_4chime"
"820694","blogdiva"
"31480553","olalekt"
"65727859","d3ola"
"175129274","tayomouthed"
"118131488","millerbaba"
"820694","blogdiva"
"23584333","toluogunlesi"
"107755674","africatechie"
"88645112","olucheye"
"41077287","bankyw"
"26012679","shadeladipo"
"104628087","lopez336"
"123497930","nochiez"
"115628224","omojuwa"
"29705778","wildeyekoncepts"
"85284167","abuameenus"
"217046870","favstar_pop"
"90237795","ctynaa"
"66557120","boboiso"
"60921898","kneeyie"
"58222479","hazelavelie"
"217046870","favstar_pop"
"299013563","bbavideoz"
"77998852","tosinadeda"
"80836823","gtdaguitarman"
"61831375","ruggedybaba"
"313196626","nollywood_buzz"
"217046870","favstar_pop"
"17876856","queenbee_xox"
"30950587","slimtmusic"
"22059388","elrufai"
"58873858","fatloudandproud"
"67465811","uchejombo"
"230243182","dkoko1"
"23377569","ogundamisi"
"147119084","lanre_v"
"41080642","raggaremi"
"175472678","littleville"
"115628224","omojuwa"
"212022340","akpan_ini"
"92937067","healnigeria"
"155537412","teetooraj"
"17855968","tommymiles"
"140882738","bourgybabe"
"45224548","eldeethedon"
"181706773","jhodare"
"47941666","deaduramilade"
"453440834","yemidafidi"
"37447098","isiomaosaje"
"60188694","qamaludeen"
"115628224","omojuwa"
"23137747","gbengasesan"
"67465811","uchejombo"
"36784430","komestical"
"212973087","chunkymark"
"107438607","prof_fiammari"
"154630645","battletide"
"133308232","fullm3t4l_raven"
"182812952","9jahiphopmusic"
"169548153","oxygenebar"
"22059388","elrufai"
"244057413","jumokejojo"
"78754642","zynnielle"
"37909390","lexxcodi"
"161326741","bptcrown"
"188539577","asa_official"
"63797517","lilbature"
"24720356","noksdboss"
"134894776","folushor"
"34288864","rosanwo"
"160221994","prettybembo"
"90480568","lpofdnb"
"444431839","madeenah"
"132159087","chichannie"
"330517650","doncallingyour"
"57468644","4eyedmonk"
"820694","blogdiva"
"56835621","sinzubaba"
"94610618","eldivyn"
"151226041","tolarboss"
"189838969","deen_wolverine"
"41077287","bankyw"
"181947883","israelinnigeria"
"34288864","rosanwo"
"86328596","toptennaija"
"57939361","akinogunbiyi"
"25748883","habeelz"
"131280081","calidboss"
"39470235","bbcafricahys"
"34288864","rosanwo"
"115628224","omojuwa"
"128022083","eienigeria"
"143720803","ololobi"
"61831375","ruggedybaba"
"332668215","tripolitanian"
"49811805","jejefresh"
"34288864","rosanwo"
"95664261","chidex987"
"32479339","missbeefabulous"
"60856518","nigeriafilms"
"119714092","storyful"
"83164727","theblackhebrew_"
"221320426","herroyalgaganes"
"175428536","popaholic20"
"47914372","happybbb"
"152582860","aywizzie"
"84793489","folabipojo"
"188693145","eeshamoh"
"23137747","gbengasesan"
"45224548","eldeethedon"
"88838655","ronkethatsme"
"177202984","sleekyvicky"
"32521603","jacqxzdiva"
"41077287","bankyw"
"183528964","wizkitty"
"13197972","kanny"
"128022083","eienigeria"
"79227712","dj_daruga"
"5988062","theeconomist"
"34288864","rosanwo"
"61831375","ruggedybaba"
"55820357","djinee"
"61831375","ruggedybaba"
"70886494","yaswaz"
"88441571","safeworld4women"
"61831375","ruggedybaba"
"50246444","mi_abaga"
"194619921","seyimarcus"
"36889473","simplylulucious"
"23803478","laydeeedee"
"41077287","bankyw"
"22674719","missmarvie"
"67923944","jesichun"
"45517683","olugbenga_g"
"65179973","leschique"
"123392665","joiceizeiyamu"
"61831375","ruggedybaba"
"190209490","myklench"
"24940986","gaffychic"
"100180009","chantlewhite"
"57468644","4eyedmonk"
"20577920","iceprincezamani"
"193750597","squadrondavid"
"32660559","wizkidayo"
"18378475","ebuka"
"71244110","rijiriji"
"159099501","imusicpromo"
"34288864","rosanwo"
"50246444","mi_abaga"
"74453989","flygurly_"
"157738196","bellohamzaa"
"34288864","rosanwo"
"61831375","ruggedybaba"
"85359736","opsy_afc"
"72916666","sophippy"
"24291371","mobilepunch"
"217046870","favstar_pop"
"16611901","naijand"
"61831375","ruggedybaba"
"93171127","ero9ja"
"46625367","donpretty"
"34288864","rosanwo"
"46095346","dimeji2cool"
"820694","blogdiva"
"82446392","somie_c"
"81451639","hollalaykan"
"188435132","spikedspartan"
"41077287","bankyw"
"56057014","olakib65"
"27803536","aginamuk"
"74408066","slender8"
"217046870","favstar_pop"
"217046870","favstar_pop"
"45224548","eldeethedon"
"425960981","pins2015"
"47323938","eggheader"
"84680033","xeenarh"
"82580276","tundedaniel"
"207497347","official_thelma"
"236891946","ajstream"
"41077287","bankyw"
"18921341","dayhor"
"237679195","amebortalk"
"81749250","soneternal"
"84371102","caramelsnerd"
"42489913","brawnshuga01"
"18650093","pressfreedom"
"204358445","jacy_luff"
"40081103","evaalordiah"
"74746503","pocketsweller"
"16348549","onecampaign"
"30950587","slimtmusic"
"23977365","ikayhargley"
"72075151","ng_elites_forum"
"30950587","slimtmusic"
"21208377","mrsleevesup"
"130873956","fumiswift"
"95441708","lordskentex"
"61831375","ruggedybaba"
"34288864","rosanwo"
"193638003","ziggymafia"
"217046870","favstar_pop"
"195170108","hafsyhkt"
"19468168","drgoddess"
"68129457","udedibia"
"47323938","eggheader"
"61831375","ruggedybaba"
"110670195","eknoreda"
"47323938","eggheader"
"34288864","rosanwo"
"34288864","rosanwo"
"135448028","jamesnduold"
"18378475","ebuka"
"60553797","oluwainfiniti"
"112490762","femme_fatale018"
"820694","blogdiva"
"67465811","uchejombo"
"263818354","donchia"
"34288864","rosanwo"
"64023325","oyewolzs"
"192159931","abbiediva"
"145210404","willyswi"
"24785274","djbuzzle"
"219468289","iaaazcom"
"47323938","eggheader"
"164819069","deolaadesanya"
"360616516","toyianno"
"40081103","evaalordiah"
"30950587","slimtmusic"
"378524501","profsoyinka"
"16567572","calvinwilliams3"
"132860665","kendoug5"
"157988402","moneybaron"
"82446392","somie_c"
"14738191","verastic"
"34288864","rosanwo"
"27510384","ola2njee"
"186542632","chung_li_tan"
"67888012","realomosexy"
"32660559","wizkidayo"
"45224548","eldeethedon"
"98494889","imoy20"
"77943025","misskstrong"
"763683","afrolicious"
"61831375","ruggedybaba"
"175129274","tayomouthed"
"61831375","ruggedybaba"
"107755674","africatechie"
"135448028","jamesnduold"
"35540685","badt_bwoy"
"30950587","slimtmusic"
"223378076","eformah"
"61831375","ruggedybaba"
"45224548","eldeethedon"
"618313